UNH ID #,Sample Name,Collection Date,Collection Time,Project,Sub_Project,NPOC (mg C/L),TDN (mg N/L),NH4 (ug N/L),PO4 (ug P/L),Cl (mg Cl/L),NO3 (mg N/L),SO4 (mg S/L),Na (mg Na/L),K (mg K/L),Mg (mg Mg/L),Ca (mg Ca/L),Sub_ProjectA,Sub_ProjectB,Field Notes,Lab_Notes,pH,Cond,Spec_Cond,DO_Conc,DO%,Temperature,Turbidity
197116,SBM,13-Oct-23,9:29:00 AM,Lamprey,QuEST,1.96,0.10,1.30,7.07,5.23,0.00,0.65,4.02,0.19,0.24,0.49,,Wymore,,,5.3,,28.2,6.3,58.1,11.7,0.54
197117,LMP07,13-Oct-23,9:52:00 AM,Lamprey,QuEST,5.78,0.25,10.15,6.70,6.71,0.02,0.66,5.01,0.62,0.50,1.81,,Wymore,,,5.66,,41.1,5.08,46.2,11.1,1.48
197118,LMP12,13-Oct-23,10:15:00 AM,Lamprey,QuEST,5.77,0.27,3.67,12.67,14.55,0.03,0.77,10.61,0.91,0.82,2.86,,Wymore,,,6.7,,74.6,10.19,92.4,11,1.82
197119,NCB,13-Oct-23,10:32:00 AM,Lamprey,QuEST,7.63,0.24,2.37,7.74,19.58,0.01,0.54,13.77,0.97,1.11,3.38,,Wymore,,,6.69,,96.5,9.3,83.5,10.6,1.33
197120,HRB,13-Oct-23,10:53:00 AM,Lamprey,QuEST,4.84,0.24,11.23,4.31,11.73,0.02,0.70,8.33,0.83,1.00,3.61,,Wymore,,,6.46,,69.9,8.17,74.1,11,2.49
197121,LMP19,13-Oct-23,11:12:00 AM,Lamprey,QuEST,5.74,0.30,2.37,10.09,14.69,0.07,0.97,10.58,1.02,0.92,3.65,,Wymore,,,6.46,,79.7,9.3,85.7,11.7,1.55
197122,NBR,13-Oct-23,11:35:00 AM,Lamprey,QuEST,6.72,0.38,1.30,5.45,19.66,0.01,0.67,13.37,1.03,0.98,4.49,,Wymore,bucket,,6.75,,98.9,10.02,92.5,11.8,0.98
197123,NBR-up,13-Oct-23,11:56:00 AM,Lamprey,QuEST,6.47,0.32,20.51,15.31,6.11,0.01,0.42,4.77,0.87,0.82,3.54,,Wymore,,,6.11,,45.8,5.05,47.4,12.4,1.30
197124,LMP27,13-Oct-23,12:36:00 PM,Lamprey,QuEST,5.62,0.37,3.67,6.76,18.66,0.07,0.85,12.86,1.07,0.98,3.98,,Wymore,,,6.57,,94.6,9.52,88.8,12.2,1.24
197125,DDB,13-Oct-23,1:01:00 PM,Lamprey,QuEST,7.08,0.47,24.83,12.06,5.60,0.11,0.67,4.65,0.62,0.83,3.39,,Wymore,plume of (very fine) sediment when sonde hit bottom,,6.27,,47,7.19,67,12.2,18.83
197126,CTB,13-Oct-23,1:38:00 PM,Lamprey,QuEST,2.69,0.08,0.43,6.71,,,,,,,,,Wymore,,,6,,20.8,9.49,85.6,10.8,0.64
197933,2023-11-20_BRM01_Rep 1,27-Nov-23,,QuEST,Arkansas,0.99,2.90,63.93,7.96,,,,,,,,Brush Creek,BRM01,,,,,,,,,
197934,2023-11-20_BRM01_Rep 2,27-Nov-23,,QuEST,Arkansas,1.04,2.87,5.35,4.03,10.33,2.70,8.09,6.49,2.27,3.34,61.62,Brush Creek,BRM01,,,,,,,,,
197935,2023-11-20_BRMQ1_Rep 1,27-Nov-23,,QuEST,Arkansas,0.98,3.06,3.71,5.02,10.28,2.91,8.52,6.55,2.33,3.41,55.36,Brush Creek,BRMQ1,,,,,,,,,
197936,2023-11-20_BRMQ1_Rep 2,27-Nov-23,,QuEST,Arkansas,1.00,3.05,3.10,5.02,10.30,2.91,8.52,6.57,2.31,3.45,57.83,Brush Creek,BRMQ1,,,,,,,,,
197937,2023-11-20_BRAA1_Rep 1,27-Nov-23,,QuEST,Arkansas,1.60,1.37,4.94,6.19,9.36,1.15,1.99,5.39,2.05,2.70,31.90,Brush Creek,BRAA1,,,,,,,,,
197938,2023-11-20_BRA01_Rep 1,27-Nov-23,,QuEST,Arkansas,0.93,4.38,10.45,17.97,12.36,4.26,0.85,7.53,2.58,1.80,34.87,Brush Creek,BRA01,,,,,,,,,
197939,2023-11-20_BRMQ3_Rep 1,27-Nov-23,,QuEST,Arkansas,1.47,3.15,98.02,58.60,8.15,3.25,11.76,11.09,4.81,6.78,30.91,Brush Creek,BRMQ3,,,,,,,,,
197940,2023-11-20_BRMQ3_Rep 2,27-Nov-23,,QuEST,Arkansas,1.51,3.11,7.18,31.12,7.27,3.04,11.73,10.56,4.45,6.81,31.72,Brush Creek,BRMQ3,,,,,,,,,
197941,2023-11-20_BRMQ4_Rep 1,27-Nov-23,,QuEST,Arkansas,6.96,0.32,16.78,96.28,7.44,0.11,11.89,5.33,3.24,5.44,53.62,Brush Creek,BRMQ4,,,,,,,,,
197942,2023-11-20_BRMQ4_Rep 2,27-Nov-23,,QuEST,Arkansas,6.87,0.33,66.99,102.56,8.80,0.16,11.90,6.08,4.01,5.49,57.29,Brush Creek,BRMQ4,,,,,,,,,
197943,2023-11-20_BRD01_Rep 1,27-Nov-23,,QuEST,Arkansas,1.80,0.62,35.35,1.68,14.65,0.41,27.39,11.34,1.75,6.04,75.81,Brush Creek,BRD01,,,,,,,,,
197944,2023-11-20_BRE01_Rep 1,27-Nov-23,,QuEST,Arkansas,12.09,0.89,210.49,160.85,7.40,0.01,3.51,2.83,9.24,5.69,48.41,Brush Creek,BRE01,,,,,,,,,
197945,2023-11-20_BRM05_Rep 1,27-Nov-23,,QuEST,Arkansas,1.22,0.52,2.49,6.00,8.92,0.40,10.74,7.80,1.80,5.44,44.34,Brush Creek,BRM05,,,,,,,,,
197946,2023-11-20_BRM05_Rep 2,27-Nov-23,,QuEST,Arkansas,1.24,0.50,6.37,6.39,9.08,0.41,10.81,7.79,1.82,5.44,40.43,Brush Creek,BRM05,,,,,,,,,
197947,2023-11-20_BRF01_Rep 1,27-Nov-23,,QuEST,Arkansas,1.59,0.10,89.04,4.03,5.27,0.01,10.71,5.02,1.48,6.84,54.66,Brush Creek,BRF01,,,,,,,,,
197948,2023-11-20_BRM06_Rep 1,27-Nov-23,,QuEST,Arkansas,1.06,0.24,75.16,3.45,9.14,0.16,4.40,4.92,1.94,3.85,32.34,Brush Creek,BRM06,,,,,,,,,
197949,2023-11-20_BRM06_Rep 2,27-Nov-23,,QuEST,Arkansas,1.08,0.25,80.67,3.25,9.01,0.14,4.13,4.96,1.96,3.88,26.04,Brush Creek,BRM06,,,,,,,,,
197950,2023-11-20_BRM07_Rep 1,27-Nov-23,,QuEST,Arkansas,1.09,0.08,63.11,1.88,12.50,0.01,6.56,6.53,1.60,5.79,35.98,Brush Creek,BRM07,,,,,,,,,
197951,2023-11-20_BRM07_Rep 2,27-Nov-23,,QuEST,Arkansas,1.08,0.07,81.89,1.88,12.43,0.01,6.59,6.54,1.60,5.77,37.72,Brush Creek,BRM07,,,,,,,,,
197952,2023-11-20_BRA02_Rep 1,27-Nov-23,,QuEST,Arkansas,0.51,5.73,90.06,3.45,10.61,5.78,0.60,7.70,1.25,1.33,44.57,Brush Creek,BRA02,,,,,,,,,
197953,60,30-May-23,,QuEST,New Mexico,,,4.18,1.13,1.79,0.26,0.87,1.72,0.49,0.96,3.25,Sante Fe Watershed,USF1,general water chemistry,"Did not receive sample 12, but received another sample labeled 77 not listed. Sample 77 was given sample 12's UNH id -WQAL",,,,,,,
197954,112,30-May-23,,QuEST,New Mexico,,,4.39,1.53,1.76,0.26,0.85,1.70,0.48,0.96,3.24,Sante Fe Watershed,USF1,general water chemistry,,,,,,,,
197955,8,30-May-23,,QuEST,New Mexico,,,4.83,0.53,2.67,0.04,2.12,2.17,0.59,1.99,5.50,Sante Fe Watershed,USF2,general water chemistry,,,,,,,,
197956,2,30-May-23,,QuEST,New Mexico,,,5.69,1.93,1.73,0.24,0.80,1.66,0.50,0.87,3.08,Sante Fe Watershed,USF3,general water chemistry,,,,,,,,
197957,72,30-May-23,,QuEST,New Mexico,,,6.12,2.13,1.74,0.25,0.82,1.66,0.49,0.86,3.09,Sante Fe Watershed,USF3,general water chemistry,,,,,,,,
197958,81,31-May-23,,QuEST,New Mexico,,,8.28,10.49,3.16,0.01,3.19,5.44,1.16,4.61,9.44,Sante Fe Watershed,USF4,general water chemistry,,,,,,,,
197959,26,31-May-23,,QuEST,New Mexico,,,6.99,1.53,1.71,0.27,0.83,1.62,0.47,0.85,3.05,Sante Fe Watershed,USF5,general water chemistry,,,,,,,,
197960,28,31-May-23,,QuEST,New Mexico,,,6.12,2.92,1.78,0.25,0.79,1.63,0.48,0.82,3.02,Sante Fe Watershed,USF5,general water chemistry,,,,,,,,
197961,11,01-Jun-23,,QuEST,New Mexico,,,4.39,5.51,1.77,0.24,0.77,1.65,0.48,0.83,3.13,Sante Fe Watershed,USF6,general water chemistry,,,,,,,,
197962,31,01-Jun-23,,QuEST,New Mexico,,,4.61,3.12,1.76,0.24,0.79,1.63,0.47,0.82,3.08,Sante Fe Watershed,USF6,general water chemistry,,,,,,,,
197963,6,01-Jun-23,,QuEST,New Mexico,,,2.88,2.72,2.36,0.81,1.95,3.39,0.87,1.83,4.59,Sante Fe Watershed,USF7,general water chemistry,,,,,,,,
197964,12,01-Jun-23,,QuEST,New Mexico,,,2.88,2.53,2.46,0.01,2.21,5.23,0.85,5.44,9.31,Sante Fe Watershed,USF8,general water chemistry,,,,,,,,
197965,17,12-Jun-23,,QuEST,New Mexico,,,8.07,1.73,1.58,0.09,0.58,1.26,0.40,0.69,2.76,Sante Fe Watershed,USF10,general water chemistry,,,,,,,,
197966,37,12-Jun-23,,QuEST,New Mexico,,,10.23,1.73,1.59,0.09,0.59,1.26,0.40,0.68,2.73,Sante Fe Watershed,USF10,general water chemistry,,,,,,,,
197967,93,12-Jun-23,,QuEST,New Mexico,,,5.47,3.72,1.77,0.26,0.95,1.84,0.45,0.86,3.80,Sante Fe Watershed,USF11,general water chemistry,,,,,,,,
197968,21,12-Jun-23,,QuEST,New Mexico,,,4.83,4.52,1.78,0.62,0.96,2.45,0.62,1.06,3.22,Sante Fe Watershed,USF9,general water chemistry,,,,,,,,
197969,56,13-Jun-23,,QuEST,New Mexico,,,3.10,1.53,1.74,0.22,0.87,1.80,0.46,1.01,3.44,Sante Fe Watershed,USF12,general water chemistry,,,,,,,,
197970,69,13-Jun-23,,QuEST,New Mexico,,,2.88,2.92,1.76,0.22,0.84,1.87,0.48,1.02,3.49,Sante Fe Watershed,USF12,general water chemistry,,,,,,,,
197971,91,13-Jun-23,,QuEST,New Mexico,,,2.02,1.33,2.59,0.02,2.09,2.35,0.60,2.19,6.03,Sante Fe Watershed,USF2,general water chemistry,,,,,,,,
197972,89,13-Jun-23,,QuEST,New Mexico,,,1.80,1.93,1.73,0.22,0.84,1.76,0.46,0.94,3.29,Sante Fe Watershed,USF3,general water chemistry,,,,,,,,
197973,96,13-Jun-23,,QuEST,New Mexico,,,3.10,4.72,1.82,0.23,0.83,1.92,0.48,0.98,3.56,Sante Fe Watershed,USF3,general water chemistry,,,,,,,,
197974,18,13-Jun-23,,QuEST,New Mexico,,,1.59,9.30,3.12,0.01,3.30,5.64,1.19,4.91,10.05,Sante Fe Watershed,USF4,general water chemistry,,,,,,,,
197975,27,13-Jun-23,,QuEST,New Mexico,,,1.59,1.73,1.71,0.19,0.74,1.58,0.40,0.82,3.05,Sante Fe Watershed,USF5,general water chemistry,,,,,,,,
197976,33,13-Jun-23,,QuEST,New Mexico,,,,3.52,2.05,0.19,0.74,1.55,0.43,0.88,3.21,Sante Fe Watershed,USF5,general water chemistry,,,,,,,,
197977,22,13-Jun-23,,QuEST,New Mexico,,,,1.53,2.07,0.16,0.73,1.60,0.45,0.85,3.26,Sante Fe Watershed,USF6,general water chemistry,,,,,,,,
197978,80,13-Jun-23,,QuEST,New Mexico,,,,1.93,2.05,0.16,0.71,1.59,0.45,0.85,3.29,Sante Fe Watershed,USF6,general water chemistry,,,,,,,,
197979,14,13-Jun-23,,QuEST,New Mexico,,,,2.72,2.68,0.85,1.87,3.41,0.85,1.81,4.76,Sante Fe Watershed,USF7,general water chemistry,,,,,,,,
197980,121,12-Jul-23,,QuEST,New Mexico,,,,6.11,2.20,0.18,0.92,2.30,0.55,1.34,4.53,Sante Fe Watershed,USF12,general water chemistry,,,,,,,,
197981,143,12-Jul-23,,QuEST,New Mexico,,,,3.72,2.10,0.18,0.92,2.13,0.53,1.30,4.36,Sante Fe Watershed,USF12,general water chemistry,,,,,,,,
197982,138,12-Jul-23,,QuEST,New Mexico,,,,0.73,2.82,0.06,2.07,2.83,0.69,3.08,8.37,Sante Fe Watershed,USF2,general water chemistry,,,,,,,,
197983,124,12-Jul-23,,QuEST,New Mexico,,,,3.12,2.06,0.21,0.89,2.12,0.53,1.23,4.33,Sante Fe Watershed,USF3,general water chemistry,,,,,,,,
197984,142,12-Jul-23,,QuEST,New Mexico,,,,3.12,2.06,0.21,0.89,2.12,0.52,1.22,4.30,Sante Fe Watershed,USF3,general water chemistry,,,,,,,,
197985,5,12-Jul-23,,QuEST,New Mexico,,,,11.49,3.62,0.01,3.36,6.85,1.41,6.63,13.12,Sante Fe Watershed,USF4,general water chemistry,,,,,,,,
197986,35,12-Jul-23,,QuEST,New Mexico,,,,3.52,2.05,0.22,0.91,2.07,0.50,1.18,4.19,Sante Fe Watershed,USF5,general water chemistry,,,,,,,,
197987,130,12-Jul-23,,QuEST,New Mexico,,,,2.92,2.06,0.22,0.90,2.07,0.50,1.17,4.22,Sante Fe Watershed,USF5,general water chemistry,,,,,,,,
197988,122,12-Jul-23,,QuEST,New Mexico,,,,2.92,2.02,0.18,0.84,1.99,0.48,1.10,4.01,Sante Fe Watershed,USF6,general water chemistry,,,,,,,,
197989,129,12-Jul-23,,QuEST,New Mexico,,,,3.12,2.04,0.18,0.85,1.90,0.46,1.07,3.91,Sante Fe Watershed,USF6,general water chemistry,,,,,,,,
197990,135,12-Jul-23,,QuEST,New Mexico,,,,3.52,2.59,0.55,1.88,3.67,0.87,2.04,5.35,Sante Fe Watershed,USF7,general water chemistry,,,,,,,,
197991,63,13-Jul-23,,QuEST,New Mexico,,,,3.32,1.92,0.14,0.68,1.55,0.41,0.98,3.55,Sante Fe Watershed,USF10,general water chemistry,,,,,,,,
197992,132,13-Jul-23,,QuEST,New Mexico,,,,3.32,1.91,0.14,0.65,1.51,0.40,0.99,3.59,Sante Fe Watershed,USF10,general water chemistry,,,,,,,,
197993,58,13-Jul-23,,QuEST,New Mexico,,,,2.92,2.22,0.21,1.16,2.43,0.49,1.19,4.94,Sante Fe Watershed,USF11,general water chemistry,,,,,,,,
197994,128,13-Jul-23,,QuEST,New Mexico,,,,5.91,2.14,0.45,0.88,2.62,0.52,1.20,3.72,Sante Fe Watershed,USF9,general water chemistry,,,,,,,,
197995,3,02-Aug-23,,QuEST,New Mexico,,,,3.52,2.11,0.17,0.91,2.36,0.59,1.43,4.72,Sante Fe Watershed,USF12,general water chemistry,,,,,,,,
197996,47,02-Aug-23,,QuEST,New Mexico,,,,3.92,2.11,0.17,0.94,2.33,0.58,1.42,4.68,Sante Fe Watershed,USF12,general water chemistry,,,,,,,,
197997,68,02-Aug-23,,QuEST,New Mexico,,,,3.52,2.09,0.23,0.96,2.16,0.53,1.27,4.39,Sante Fe Watershed,USF3,general water chemistry,,,,,,,,
197998,131,02-Aug-23,,QuEST,New Mexico,,,,4.72,2.09,0.23,0.96,2.30,0.56,1.34,4.62,Sante Fe Watershed,USF3,general water chemistry,,,,,,,,
197999,10,02-Aug-23,,QuEST,New Mexico,,,,3.92,2.09,0.24,0.97,2.23,0.53,1.27,4.48,Sante Fe Watershed,USF5,general water chemistry,,,,,,,,
198000,20,02-Aug-23,,QuEST,New Mexico,,,,3.72,2.08,0.24,0.92,2.30,0.54,1.33,4.64,Sante Fe Watershed,USF5,general water chemistry,,,,,,,,
198001,46,02-Aug-23,,QuEST,New Mexico,,,,5.71,1.29,0.24,1.00,2.36,0.49,1.25,4.40,Sante Fe Watershed,USF6,general water chemistry,,,,,,,,
198002,75,02-Aug-23,,QuEST,New Mexico,,,,6.71,1.34,0.24,0.98,2.25,0.46,1.19,4.25,Sante Fe Watershed,USF6,general water chemistry,,,,,,,,
198003,54,02-Aug-23,,QuEST,New Mexico,,,,6.11,1.84,0.48,1.88,3.82,0.85,2.05,5.29,Sante Fe Watershed,USF7,general water chemistry,,,,,,,,
198004,4,03-Aug-23,,QuEST,New Mexico,,,,2.13,0.92,0.03,0.44,1.03,0.27,0.67,2.19,Sante Fe Watershed,USF13,general water chemistry,,,,,,,,
198005,38,03-Aug-23,,QuEST,New Mexico,,,,2.92,0.99,0.06,0.48,1.27,0.25,0.64,3.07,Sante Fe Watershed,USF14,general water chemistry,,,,,,,,
198006,66,03-Aug-23,,QuEST,New Mexico,,,,4.72,0.94,0.06,0.47,1.23,0.24,0.64,3.02,Sante Fe Watershed,USF14,general water chemistry,,,,,,,,
198007,7,03-Aug-23,,QuEST,New Mexico,,,,3.12,0.88,0.03,0.30,1.06,0.19,0.45,2.68,Sante Fe Watershed,USF15,general water chemistry,,,,,,,,
198008,25,03-Aug-23,,QuEST,New Mexico,,,,1.73,0.84,0.03,0.30,0.98,0.17,0.44,2.63,Sante Fe Watershed,USF15,general water chemistry,,,,,,,,
198009,13,03-Aug-23,,QuEST,New Mexico,,,,1.53,0.91,0.03,0.41,1.02,0.19,0.39,2.21,Sante Fe Watershed,USF16,general water chemistry,,,,,,,,
198010,125,06-Sep-23,,QuEST,New Mexico,,,,2.33,1.28,0.12,0.93,2.39,0.52,1.50,4.57,Sante Fe Watershed,USF12,general water chemistry,,,,,,,,
198011,184,06-Sep-23,,QuEST,New Mexico,,,,2.33,1.30,0.12,1.00,2.54,0.54,1.58,4.85,Sante Fe Watershed,USF12,general water chemistry,,,,,,,,
198012,180,06-Sep-23,,QuEST,New Mexico,,,,2.92,1.29,0.20,1.03,2.49,0.54,1.47,4.64,Sante Fe Watershed,USF3,general water chemistry,,,,,,,,
198013,187,06-Sep-23,,QuEST,New Mexico,,,,5.12,1.19,0.16,0.82,1.93,0.42,1.20,4.32,Sante Fe Watershed,USF3,general water chemistry,,,,,,,,
198014,171,06-Sep-23,,QuEST,New Mexico,,,,3.72,1.29,0.23,1.04,2.36,0.50,1.35,4.52,Sante Fe Watershed,USF5,general water chemistry,,,,,,,,
198015,173,06-Sep-23,,QuEST,New Mexico,,,,3.72,1.29,0.23,1.05,2.47,0.50,1.40,4.65,Sante Fe Watershed,USF5,general water chemistry,,,,,,,,
198016,64,06-Sep-23,,QuEST,New Mexico,,,,4.32,1.32,0.23,1.02,2.49,0.52,1.36,4.69,Sante Fe Watershed,USF6,general water chemistry,,,,,,,,
198017,176,06-Sep-23,,QuEST,New Mexico,,,,3.32,1.28,0.23,1.02,2.45,0.50,1.35,4.60,Sante Fe Watershed,USF6,general water chemistry,,,,,,,,
198018,59,06-Sep-23,,QuEST,New Mexico,,,,6.51,1.92,0.32,1.86,3.94,0.88,2.04,5.11,Sante Fe Watershed,USF7,general water chemistry,,,,,,,,
198019,48,07-Sep-23,,QuEST,New Mexico,,,,1.73,0.94,0.06,0.44,1.19,0.30,0.73,2.34,Sante Fe Watershed,USF13,general water chemistry,,,,,,,,
198020,24,07-Sep-23,,QuEST,New Mexico,,,,3.52,0.99,0.08,0.48,1.28,0.26,0.65,3.11,Sante Fe Watershed,USF14,general water chemistry,,,,,,,,
198021,41,07-Sep-23,,QuEST,New Mexico,,,,1.33,0.95,0.08,0.49,1.27,0.26,0.66,3.12,Sante Fe Watershed,USF14,general water chemistry,,,,,,,,
198022,57,07-Sep-23,,QuEST,New Mexico,,,,2.13,0.85,0.03,0.31,1.06,0.22,0.47,2.78,Sante Fe Watershed,USF15,general water chemistry,,,,,,,,
198023,157,07-Sep-23,,QuEST,New Mexico,,,,1.13,0.86,0.03,0.31,1.09,0.22,0.48,2.82,Sante Fe Watershed,USF15,general water chemistry,,,,,,,,
198024,52,07-Sep-23,,QuEST,New Mexico,,,,1.33,0.98,0.07,0.40,1.12,0.24,0.43,2.40,Sante Fe Watershed,USF16,general water chemistry,,,,,,,,
198025,92,07-Sep-23,,QuEST,New Mexico,,,,2.92,1.07,0.07,0.71,1.64,0.40,0.87,3.72,Sante Fe Watershed,USF17,general water chemistry,,,,,,,,
198026,74,07-Sep-23,,QuEST,New Mexico,,,,4.32,1.04,0.11,0.75,1.46,0.30,0.85,3.98,Sante Fe Watershed,USF18,general water chemistry,,,,,,,,
198027,78,07-Sep-23,,QuEST,New Mexico,,,,11.49,1.48,0.18,0.43,1.33,0.41,0.56,3.01,Sante Fe Watershed,USF19,general water chemistry,,,,,,,,
198028,97,07-Sep-23,,QuEST,New Mexico,,,,12.49,1.51,0.19,0.44,1.26,0.39,0.54,2.89,Sante Fe Watershed,USF19,general water chemistry,,,,,,,,
198029,d_112,30-May-23,,QuEST,New Mexico,4.41,0.42,,,,,,,,,,Sante Fe Watershed,USF1,for DOC/TDN analysis,,,,,,,,
198030,d_60,30-May-23,,QuEST,New Mexico,4.37,0.44,,,,,,,,,,Sante Fe Watershed,USF1,for DOC/TDN analysis,,,,,,,,
198031,d_8,30-May-23,,QuEST,New Mexico,7.41,0.28,,,,,,,,,,Sante Fe Watershed,USF2,for DOC/TDN analysis,,,,,,,,
198032,d_2,30-May-23,,QuEST,New Mexico,4.79,0.52,,,,,,,,,,Sante Fe Watershed,USF3,for DOC/TDN analysis,,,,,,,,
198033,d_72,30-May-23,,QuEST,New Mexico,4.37,0.39,,,,,,,,,,Sante Fe Watershed,USF3,for DOC/TDN analysis,,,,,,,,
198034,d_81,31-May-23,,QuEST,New Mexico,8.93,0.23,,,,,,,,,,Sante Fe Watershed,USF4,for DOC/TDN analysis,,,,,,,,
198035,d_26,31-May-23,,QuEST,New Mexico,4.41,0.41,,,,,,,,,,Sante Fe Watershed,USF5,for DOC/TDN analysis,,,,,,,,
198036,d_28,31-May-23,,QuEST,New Mexico,4.25,0.37,,,,,,,,,,Sante Fe Watershed,USF5,for DOC/TDN analysis,,,,,,,,
198037,d_11,01-Jun-23,,QuEST,New Mexico,5.77,0.46,,,,,,,,,,Sante Fe Watershed,USF6,for DOC/TDN analysis,,,,,,,,
198038,d_31,01-Jun-23,,QuEST,New Mexico,5.80,0.42,,,,,,,,,,Sante Fe Watershed,USF6,for DOC/TDN analysis,,,,,,,,
198039,d_6,01-Jun-23,,QuEST,New Mexico,5.35,1.01,,,,,,,,,,Sante Fe Watershed,USF7,for DOC/TDN analysis,,,,,,,,
198040,d_12,01-Jun-23,,QuEST,New Mexico,9.16,0.25,,,,,,,,,,Sante Fe Watershed,USF8,for DOC/TDN analysis,,,,,,,,
198041,103,12-Jun-23,,QuEST,New Mexico,4.50,0.21,,,,,,,,,,Sante Fe Watershed,USF10,for DOC/TDN analysis,,,,,,,,
198042,d_93,12-Jun-23,,QuEST,New Mexico,1.84,0.36,,,,,,,,,,Sante Fe Watershed,USF11,for DOC/TDN analysis,,,,,,,,
198043,d_21,12-Jun-23,,QuEST,New Mexico,3.14,0.74,,,,,,,,,,Sante Fe Watershed,USF9,for DOC/TDN analysis,,,,,,,,
198044,119,13-Jun-23,,QuEST,New Mexico,4.21,0.35,,,,,,,,,,Sante Fe Watershed,USF12,for DOC/TDN analysis,,,,,,,,
198045,113,13-Jun-23,,QuEST,New Mexico,6.58,0.20,,,,,,,,,,Sante Fe Watershed,USF2,for DOC/TDN analysis,,,,,,,,
198046,115,13-Jun-23,,QuEST,New Mexico,3.99,0.37,,,,,,,,,,Sante Fe Watershed,USF3,for DOC/TDN analysis,,,,,,,,
198047,95,13-Jun-23,,QuEST,New Mexico,8.04,0.20,,,,,,,,,,Sante Fe Watershed,USF4,for DOC/TDN analysis,,,,,,,,
198048,84,13-Jun-23,,QuEST,New Mexico,3.93,0.31,,,,,,,,,,Sante Fe Watershed,USF5,for DOC/TDN analysis,,,,,,,,
198049,106,13-Jun-23,,QuEST,New Mexico,3.74,0.28,,,,,,,,,,Sante Fe Watershed,USF6,for DOC/TDN analysis,,,,,,,,
198050,90,13-Jun-23,,QuEST,New Mexico,4.59,1.04,,,,,,,,,,Sante Fe Watershed,USF7,for DOC/TDN analysis,,,,,,,,
198051,d_121,12-Jul-23,,QuEST,New Mexico,,,,,,,,,,,,Sante Fe Watershed,USF12,for DOC/TDN analysis,,,,,,,,
198052,d_143,12-Jul-23,,QuEST,New Mexico,,,,,,,,,,,,Sante Fe Watershed,USF12,for DOC/TDN analysis,,,,,,,,
198053,d_138,12-Jul-23,,QuEST,New Mexico,,,,,,,,,,,,Sante Fe Watershed,USF2,for DOC/TDN analysis,,,,,,,,
198054,d_124,12-Jul-23,,QuEST,New Mexico,,,,,,,,,,,,Sante Fe Watershed,USF3,for DOC/TDN analysis,,,,,,,,
198055,d_142,12-Jul-23,,QuEST,New Mexico,,,,,,,,,,,,Sante Fe Watershed,USF3,for DOC/TDN analysis,,,,,,,,
198056,d_5,12-Jul-23,,QuEST,New Mexico,,,,,,,,,,,,Sante Fe Watershed,USF4,for DOC/TDN analysis,,,,,,,,
198057,d_130,12-Jul-23,,QuEST,New Mexico,,,,,,,,,,,,Sante Fe Watershed,USF5,for DOC/TDN analysis,,,,,,,,
198058,d_35,12-Jul-23,,QuEST,New Mexico,,,,,,,,,,,,Sante Fe Watershed,USF5,for DOC/TDN analysis,,,,,,,,
198059,d_122,12-Jul-23,,QuEST,New Mexico,,,,,,,,,,,,Sante Fe Watershed,USF6,for DOC/TDN analysis,,,,,,,,
198060,d_129,12-Jul-23,,QuEST,New Mexico,,,,,,,,,,,,Sante Fe Watershed,USF6,for DOC/TDN analysis,,,,,,,,
198061,d_135,12-Jul-23,,QuEST,New Mexico,,,,,,,,,,,,Sante Fe Watershed,USF7,for DOC/TDN analysis,,,,,,,,
198062,d_132,13-Jul-23,,QuEST,New Mexico,,,,,,,,,,,,Sante Fe Watershed,USF10,for DOC/TDN analysis,,,,,,,,
198063,d_63,13-Jul-23,,QuEST,New Mexico,,,,,,,,,,,,Sante Fe Watershed,USF10,for DOC/TDN analysis,,,,,,,,
198064,d_58,13-Jul-23,,QuEST,New Mexico,,,,,,,,,,,,Sante Fe Watershed,USF11,for DOC/TDN analysis,,,,,,,,
198065,d_128,13-Jul-23,,QuEST,New Mexico,,,,,,,,,,,,Sante Fe Watershed,USF9,for DOC/TDN analysis,,,,,,,,
198066,49,02-Aug-23,,QuEST,New Mexico,2.51,0.30,,,,,,,,,,Sante Fe Watershed,USF12,for DOC/TDN analysis,,,,,,,,
198067,136,02-Aug-23,,QuEST,New Mexico,2.39,0.33,,,,,,,,,,Sante Fe Watershed,USF3,for DOC/TDN analysis,,,,,,,,
198068,62,02-Aug-23,,QuEST,New Mexico,2.17,0.36,,,,,,,,,,Sante Fe Watershed,USF5,for DOC/TDN analysis,,,,,,,,
198069,87,02-Aug-23,,QuEST,New Mexico,2.19,0.39,,,,,,,,,,Sante Fe Watershed,USF6,for DOC/TDN analysis,,,,,,,,
198070,67,02-Aug-23,,QuEST,New Mexico,4.39,0.71,,,,,,,,,,Sante Fe Watershed,USF7,for DOC/TDN analysis,,,,,,,,
198071,34,03-Aug-23,,QuEST,New Mexico,3.06,0.16,,,,,,,,,,Sante Fe Watershed,USF13,for DOC/TDN analysis,,,,,,,,
198072,120,03-Aug-23,,QuEST,New Mexico,2.56,0.29,,,,,,,,,,Sante Fe Watershed,USF14,for DOC/TDN analysis,,,,,,,,
198073,127,03-Aug-23,,QuEST,New Mexico,2.15,0.18,,,,,,,,,,Sante Fe Watershed,USF15,for DOC/TDN analysis,,,,,,,,
198074,86,03-Aug-23,,QuEST,New Mexico,2.56,0.13,,,,,,,,,,Sante Fe Watershed,USF16,for DOC/TDN analysis,,,,,,,,
198075,d_125,06-Sep-23,,QuEST,New Mexico,2.15,0.29,,,,,,,,,,Sante Fe Watershed,USF12,for DOC/TDN analysis,,,,,,,,
198076,d_184,06-Sep-23,,QuEST,New Mexico,2.19,0.24,,,,,,,,,,Sante Fe Watershed,USF12,for DOC/TDN analysis,,,,,,,,
198077,d_180,06-Sep-23,,QuEST,New Mexico,1.98,0.31,,,,,,,,,,Sante Fe Watershed,USF3,for DOC/TDN analysis,,,,,,,,
198078,d_187,06-Sep-23,,QuEST,New Mexico,2.16,0.36,,,,,,,,,,Sante Fe Watershed,USF3,for DOC/TDN analysis,,,,,,,,
198079,d_171,06-Sep-23,,QuEST,New Mexico,2.35,0.36,,,,,,,,,,Sante Fe Watershed,USF5,for DOC/TDN analysis,,,,,,,,
198080,d_173,06-Sep-23,,QuEST,New Mexico,1.87,0.31,,,,,,,,,,Sante Fe Watershed,USF5,for DOC/TDN analysis,,,,,,,,
198081,d_64,06-Sep-23,,QuEST,New Mexico,1.90,0.33,,,,,,,,,,Sante Fe Watershed,USF6,for DOC/TDN analysis,,,,,,,,
198082,d_59,06-Sep-23,,QuEST,New Mexico,3.78,0.44,,,,,,,,,,Sante Fe Watershed,USF7,for DOC/TDN analysis,,,,,,,,
198083,d_48,07-Sep-23,,QuEST,New Mexico,2.44,0.17,,,,,,,,,,Sante Fe Watershed,USF13,for DOC/TDN analysis,,,,,,,,
198084,d_24,07-Sep-23,,QuEST,New Mexico,2.21,0.17,,,,,,,,,,Sante Fe Watershed,USF14,for DOC/TDN analysis,,,,,,,,
198085,d_41,07-Sep-23,,QuEST,New Mexico,1.76,0.12,,,,,,,,,,Sante Fe Watershed,USF14,for DOC/TDN analysis,,,,,,,,
198086,d_157,07-Sep-23,,QuEST,New Mexico,2.01,0.10,,,,,,,,,,Sante Fe Watershed,USF15,for DOC/TDN analysis,,,,,,,,
198087,d_57,07-Sep-23,,QuEST,New Mexico,2.19,0.14,,,,,,,,,,Sante Fe Watershed,USF15,for DOC/TDN analysis,,,,,,,,
198088,d_52,07-Sep-23,,QuEST,New Mexico,1.96,0.15,,,,,,,,,,Sante Fe Watershed,USF16,for DOC/TDN analysis,,,,,,,,
198089,d_92,07-Sep-23,,QuEST,New Mexico,1.87,0.16,,,,,,,,,,Sante Fe Watershed,USF17,for DOC/TDN analysis,,,,,,,,
198090,d_74,07-Sep-23,,QuEST,New Mexico,2.59,0.34,,,,,,,,,,Sante Fe Watershed,USF18,for DOC/TDN analysis,,,,,,,,
198091,d_78,07-Sep-23,,QuEST,New Mexico,1.05,0.20,,,,,,,,,,Sante Fe Watershed,USF19,for DOC/TDN analysis,,,,,,,,
198092,d_97,07-Sep-23,,QuEST,New Mexico,0.82,0.14,,,,,,,,,,Sante Fe Watershed,USF19,for DOC/TDN analysis,,,,,,,,
198979,2023-12-20_BRM01_Rep 1,20-Dec-23,,QuEST,Arkansas,0.82,2.70,4.31,2.86,10.75,2.48,8.68,6.64,2.12,3.21,39.20,Brush Creek,BRM01,,,,,,,,,
198980,2023-12-20_BRM01_Rep 2,20-Dec-23,,QuEST,Arkansas,1.03,2.76,6.80,2.46,10.86,2.47,8.63,6.57,2.11,3.12,35.95,Brush Creek,BRM01,,,,,,,,,
198981,2023-12-20_BRMQ1_Rep 1,20-Dec-23,,QuEST,Arkansas,0.72,3.00,5.14,7.57,,,,,,,,Brush Creek,BRMQ1,,,,,,,,,
198982,2023-12-20_BRMQ1_Rep 2,20-Dec-23,,QuEST,Arkansas,0.93,2.96,2.45,2.86,8.48,2.18,8.20,5.14,1.71,2.48,33.25,Brush Creek,BRMQ1,,,,,,,,,
198983,2023-12-20_BRAA1_Rep 1,20-Dec-23,,QuEST,Arkansas,1.09,1.31,3.07,4.03,10.11,1.26,2.03,5.56,1.90,2.66,30.82,Brush Creek,BRAA1,,,,,,,,,
198984,2023-12-20_BRA01_Rep 1,20-Dec-23,,QuEST,Arkansas,0.61,4.26,11.98,13.85,13.01,3.47,1.13,7.60,2.29,1.68,27.74,Brush Creek,BRA01,,,,,,,,,
198985,2023-12-20_BRA01_Rep 2,20-Dec-23,,QuEST,Arkansas,0.88,4.27,10.53,11.69,12.67,3.43,0.99,7.05,2.12,1.59,28.68,Brush Creek,BRA01,,,,,,,,,
198986,2023-12-20_BRMQ3_Rep 1,20-Dec-23,,QuEST,Arkansas,1.57,2.64,14.26,38.58,10.65,2.48,16.47,12.89,3.82,6.00,26.01,Brush Creek,BRMQ3,,,,,,,,,
198987,2023-12-20_BRMQ3_Rep 2,20-Dec-23,,QuEST,Arkansas,1.70,2.83,12.60,37.79,8.04,2.90,19.62,10.84,4.34,7.07,29.90,Brush Creek,BRMQ3,,,,,,,,,
198988,2023-12-20_BRD01_Rep 1,20-Dec-23,,QuEST,Arkansas,1.16,0.90,12.39,2.07,13.56,0.80,26.72,10.78,1.54,6.12,59.70,Brush Creek,BRD01,,,,,,,,,
198989,2023-12-20_BRD01_Rep 2,20-Dec-23,,QuEST,Arkansas,1.51,0.98,10.74,2.46,13.50,0.79,26.65,10.82,1.55,6.12,58.50,Brush Creek,BRD01,,,,,,,,,
198990,2023-12-20_BRM05_Rep 1,20-Dec-23,,QuEST,Arkansas,0.98,0.18,-1.08,2.86,9.39,0.09,12.56,7.57,1.65,5.17,25.74,Brush Creek,BRM05,,,,,,,,,
198991,2023-12-20_BRM05_Rep 2,20-Dec-23,,QuEST,Arkansas,1.18,0.20,2.86,2.66,9.39,0.09,12.63,7.58,1.67,5.15,29.24,Brush Creek,BRM05,,,,,,,,,
198992,2023-12-20_BRF01_Rep 1,20-Dec-23,,QuEST,Arkansas,1.30,0.12,16.54,2.66,7.09,0.01,29.78,7.82,1.53,9.67,82.50,Brush Creek,BRF01,,,,,,,,,
198993,2023-12-20_BRM06_Rep 1,20-Dec-23,,QuEST,Arkansas,0.80,0.23,59.84,3.84,8.61,0.12,4.20,5.14,1.89,3.82,26.00,Brush Creek,BRM06,,,,,,,,,
198994,2023-12-20_BRM06_Rep 2,20-Dec-23,,QuEST,Arkansas,0.83,0.20,53.63,4.03,8.84,0.12,4.32,4.87,1.76,3.67,24.28,Brush Creek,BRM06,,,,,,,,,
198995,2023-12-20_BRM07_Rep 1,20-Dec-23,,QuEST,Arkansas,0.82,0.13,50.93,1.68,11.84,0.04,5.74,6.00,1.25,5.35,31.71,Brush Creek,BRM07,,,,,,,,,
198996,2023-12-20_BRM07_Rep 2,20-Dec-23,,QuEST,Arkansas,0.91,0.13,48.03,1.68,,,,,,,,Brush Creek,BRM07,,,,,,,,,
198997,2023-12-20_BRA02_Rep 1,20-Dec-23,,QuEST,Arkansas,0.55,4.90,54.45,3.84,10.98,5.84,0.52,7.60,1.25,1.27,35.42,Brush Creek,BRA02,,,,,,,,,
198998,2023-12-20_BRA02_Rep 2,20-Dec-23,,QuEST,Arkansas,0.76,5.04,59.43,3.64,11.05,5.89,0.54,7.50,1.24,1.28,37.04,Brush Creek,BRA02,,,,,,,,,
198999,2024-01-19_BRM01_Rep 1,19-Jan-24,,QuEST,Arkansas,1.03,3.17,45.96,1.68,10.30,2.97,10.28,6.84,2.10,3.09,36.20,Brush Creek,BRM01,,,,,,,,,
199000,2024-01-19_BRM01_Rep 2,19-Jan-24,,QuEST,Arkansas,1.05,3.23,39.74,2.27,8.88,2.65,9.94,5.80,1.77,2.66,31.15,Brush Creek,BRM01,,,,,,,,,
199001,2024-01-19_BRMQ1_Rep 1,19-Jan-24,,QuEST,Arkansas,0.91,3.32,57.56,3.84,9.66,3.00,10.66,6.48,2.00,3.00,31.87,Brush Creek,BRMQ1,,,,,,,,,
199002,2024-01-19_BRMQ1_Rep 2,19-Jan-24,,QuEST,Arkansas,1.05,3.42,49.48,1.48,7.64,2.49,9.23,5.06,1.59,2.37,26.86,Brush Creek,BRMQ1,,,,,,,,,
199003,2024-01-19_BRAA1_Rep 1,19-Jan-24,,QuEST,Arkansas,1.38,2.04,51.55,4.82,8.77,1.91,2.56,5.15,1.77,2.43,32.70,Brush Creek,BRAA1,,,,,,,,,
199004,2024-01-19_BRA01_Rep 1,19-Jan-24,,QuEST,Arkansas,0.66,4.42,52.80,11.49,11.89,3.56,1.47,6.78,2.02,1.70,26.77,Brush Creek,BRA01,,,,,,,,,
199005,2024-01-19_BRA01_Rep 2,19-Jan-24,,QuEST,Arkansas,0.88,4.52,48.65,11.49,,,,,,,,Brush Creek,BRA01,,,,,,,,,
199006,2024-01-19_BRMQ3_Rep 1,19-Jan-24,,QuEST,Arkansas,1.36,4.50,50.93,50.55,7.91,3.64,18.90,10.61,4.12,7.28,27.48,Brush Creek,BRMQ3,,,,,,,,,
199007,2024-01-19_BRMQ3_Rep 2,19-Jan-24,,QuEST,Arkansas,1.17,4.52,44.30,54.67,8.08,3.68,19.24,10.85,4.22,7.26,27.77,Brush Creek,BRMQ3,,,,,,,,,
199008,2024-01-19_BRMQ4_Rep 1,19-Jan-24,,QuEST,Arkansas,1.28,1.51,52.59,3.45,9.13,1.48,12.77,6.50,1.53,4.88,30.38,Brush Creek,BRMQ4,,,,,,,,,
199009,2024-01-19_BRMQ4_Rep 2,19-Jan-24,,QuEST,Arkansas,1.17,1.51,49.07,3.45,6.44,1.03,9.75,4.43,1.06,3.38,25.16,Brush Creek,BRMQ4,,,,,,,,,
199010,2024-01-19_BRD01_Rep 1,19-Jan-24,,QuEST,Arkansas,0.91,2.86,48.45,1.68,9.91,2.74,17.86,8.89,1.26,5.43,37.79,Brush Creek,BRD01,,,,,,,,,
199011,2024-01-19_BRD01_Rep 2,19-Jan-24,,QuEST,Arkansas,1.10,2.86,29.38,1.48,10.00,2.75,17.80,8.44,1.18,5.13,33.41,Brush Creek,BRD01,,,,,,,,,
199012,2024-01-19_BRM05_Rep 1,19-Jan-24,,QuEST,Arkansas,1.04,1.31,31.04,3.05,9.29,1.35,9.34,6.40,1.53,4.37,24.53,Brush Creek,BRM05,,,,,,,,,
199013,2024-01-19_BRM05_Rep 2,19-Jan-24,,QuEST,Arkansas,1.13,1.36,-1.28,3.84,8.97,1.30,8.72,6.64,1.48,4.67,28.50,Brush Creek,BRM05,,,,,,,,,
199014,2024-01-19_BRF01_Rep 1,19-Jan-24,,QuEST,Arkansas,1.44,0.17,42.23,1.68,4.20,0.05,9.80,3.95,0.83,5.26,61.37,Brush Creek,BRF01,,,,,,,,,
199015,2024-01-19_BRM06_Rep 1,19-Jan-24,,QuEST,Arkansas,0.88,1.36,1.62,3.45,8.51,1.31,4.49,4.75,1.45,3.59,21.53,Brush Creek,BRM06,,,,,,,,,
199016,2024-01-19_BRM06_Rep 2,19-Jan-24,,QuEST,Arkansas,0.99,1.52,21.51,3.05,9.87,1.49,4.94,5.72,1.81,4.23,19.78,Brush Creek,BRM06,,,,,,,,,
199017,2024-01-19_BRM07_Rep 1,19-Jan-24,,QuEST,Arkansas,0.80,5.25,1.83,1.68,15.76,3.78,4.99,6.31,1.20,4.98,27.75,Brush Creek,BRM07,,,,,,,,,
199018,2024-01-19_BRM07_Rep 2,19-Jan-24,,QuEST,Arkansas,0.86,5.46,4.31,1.68,15.11,3.75,5.03,6.18,1.23,4.86,27.94,Brush Creek,BRM07,,,,,,,,,
199019,2024-01-19_BRA02_Rep 1,19-Jan-24,,QuEST,Arkansas,0.57,5.13,29.38,4.43,10.73,3.72,0.57,7.31,1.44,1.26,28.16,Brush Creek,BRA02,,,,,,,,,
199020,2024-01-19_BRA02_Rep 2,19-Jan-24,,QuEST,Arkansas,0.59,5.25,29.38,4.82,9.70,3.59,0.51,6.72,1.34,1.15,24.74,Brush Creek,BRA02,,,,,,,,,
199021,2024-02-16_BRM01_Rep 1,16-Feb-24,,QuEST,Arkansas,1.01,4.00,83.12,3.05,9.41,3.38,6.32,6.69,2.24,3.37,29.95,Brush Creek,BRM01,,,,,,,,,
199022,2024-02-16_BRM01_Rep 2,16-Feb-24,,QuEST,Arkansas,1.13,4.00,63.93,3.05,9.41,3.39,6.65,6.57,2.21,3.22,33.47,Brush Creek,BRM01,,,,,,,,,
199023,2024-02-16_BRMQ1_Rep 1,16-Feb-24,,QuEST,Arkansas,0.94,4.23,79.24,3.45,8.99,3.45,6.21,6.55,2.28,3.45,29.22,Brush Creek,BRMQ1,,,,,,,,,
199024,2024-02-16_BRMQ1_Rep 2,16-Feb-24,,QuEST,Arkansas,0.69,1.17,60.05,3.64,9.21,3.49,6.53,6.68,2.31,3.60,31.49,Brush Creek,BRMQ1,,,,,,,,,
199025,2024-02-16_BRAA1_Rep 1,16-Feb-24,,QuEST,Arkansas,1.27,2.15,62.71,1.48,9.71,2.01,3.09,6.43,1.94,2.59,28.58,Brush Creek,BRAA1,,,,,,,,,
199026,2024-02-16_BRA01_Rep 1,16-Feb-24,,QuEST,Arkansas,0.70,4.70,65.16,15.61,12.67,3.67,1.38,7.34,2.62,1.88,30.97,Brush Creek,BRA01,,,,,,,,,
199027,2024-02-16_BRA01_Rep 2,16-Feb-24,,QuEST,Arkansas,0.91,4.61,45.97,13.65,12.50,3.65,1.28,7.67,2.76,1.97,28.24,Brush Creek,BRA01,,,,,,,,,
199028,2024-02-16_BRMQ3_Rep 1,16-Feb-24,,QuEST,Arkansas,1.87,2.79,43.72,61.15,6.26,2.63,11.50,8.57,3.55,5.71,21.78,Brush Creek,BRMQ3,,,,,,,,,
199029,2024-02-16_BRMQ3_Rep 2,16-Feb-24,,QuEST,Arkansas,1.68,2.95,22.49,46.82,6.28,2.42,11.63,8.77,3.53,5.77,26.27,Brush Creek,BRMQ3,,,,,,,,,
199030,2024-02-16_BRMQ4_Rep 1,16-Feb-24,,QuEST,Arkansas,1.23,0.83,80.46,2.86,7.31,0.74,7.86,5.64,1.77,3.96,23.96,Brush Creek,BRMQ4,,,,,,,,,
199031,2024-02-16_BRMQ4_Rep 2,16-Feb-24,,QuEST,Arkansas,1.35,0.88,58.83,2.86,7.41,0.75,8.52,6.04,1.83,4.19,21.19,Brush Creek,BRMQ4,,,,,,,,,
199032,2024-02-16_BRD01_Rep 1,16-Feb-24,,QuEST,Arkansas,0.90,3.60,14.74,1.48,9.15,3.19,10.74,6.88,1.35,4.57,36.89,Brush Creek,BRD01,,,,,,,,,
199033,2024-02-16_BRD01_Rep 2,16-Feb-24,,QuEST,Arkansas,1.11,3.74,61.89,1.68,9.18,3.20,10.83,7.09,1.47,4.82,41.08,Brush Creek,BRD01,,,,,,,,,
199034,2024-02-16_BRM05_Rep 1,16-Feb-24,,QuEST,Arkansas,,,44.54,2.66,7.09,0.66,6.66,5.88,1.75,3.97,20.71,Brush Creek,BRM05,,,,,,,,,
199035,2024-02-16_BRM05_Rep 2,16-Feb-24,,QuEST,Arkansas,,,10.65,3.84,7.43,0.67,6.86,6.03,1.87,3.92,23.58,Brush Creek,BRM05,,,,,,,,,
199036,2024-02-16_BRF01_Rep 1,16-Feb-24,,QuEST,Arkansas,,,9.84,1.88,6.63,0.07,13.15,5.63,1.32,7.25,50.21,Brush Creek,BRF01,,,,,,,,,
199037,2024-02-16_BRM06_Rep 1,16-Feb-24,,QuEST,Arkansas,,,5.76,2.86,8.02,1.01,4.35,5.05,1.90,3.64,19.14,Brush Creek,BRM06,,,,,,,,,
199038,2024-02-16_BRM06_Rep 2,16-Feb-24,,QuEST,Arkansas,,,7.18,2.86,7.95,0.99,4.46,4.90,1.76,3.57,23.16,Brush Creek,BRM06,,,,,,,,,
199039,2024-02-16_BRM07_Rep 1,16-Feb-24,,QuEST,Arkansas,,,9.43,2.07,8.77,2.71,3.43,5.10,1.20,3.86,24.28,Brush Creek,BRM07,,,,,,,,,
199040,2024-02-16_BRM07_Rep 2,16-Feb-24,,QuEST,Arkansas,,,7.39,1.68,8.04,2.51,3.27,4.61,1.09,3.51,23.57,Brush Creek,BRM07,,,,,,,,,
199041,2024-02-16_BRA02_Rep 1,16-Feb-24,,QuEST,Arkansas,,,9.23,2.66,7.97,3.41,0.47,5.84,1.05,1.17,23.99,Brush Creek,BRA02,,,,,,,,,
199042,2024-02-16_BRA02_Rep 2,16-Feb-24,,QuEST,Arkansas,,,10.86,2.27,8.91,3.65,0.63,6.53,1.18,1.28,30.04,Brush Creek,BRA02,,,,,,,,,
199043,2024-03-03_NIM01,03-Mar-24,,QuEST,Arkansas,,,,,,,,,,,,Niokaska Creek,NIM01,,,,,,,,,
199044,2024-03-03_NIM02,03-Mar-24,,QuEST,Arkansas,,,,,,,,,,,,Niokaska Creek,NIM02,,,,,,,,,
199045,2024-03-03_NIM12,03-Mar-24,,QuEST,Arkansas,,,,,,,,,,,,Niokaska Creek,NIM12,,,,,,,,,
199046,2024-03-03_TAM11,03-Mar-24,,QuEST,Arkansas,,,,,,,,,,,,Tanglewood Branch,TAM11,,,,,,,,,
199047,2024-03-03_TAM01,03-Mar-24,,QuEST,Arkansas,,,,,,,,,,,,Tanglewood Branch,TAM01,,,,,,,,,
199048,2024-03-03_TAM02,03-Mar-24,,QuEST,Arkansas,,,,,,,,,,,,Tanglewood Branch,TAM02,,,,,,,,,
199066,BMD0,22-Mar-24,10:00:00 AM,Lamprey,QuEST,,,2.65,,3.21,0.00,1.64,2.46,0.54,0.60,2.61,,,downstream from pipe,,6.02,19.2,33.1,12.18,90.4,3,4.20
199067,LMP0,22-Mar-24,11:47:00 AM,Lamprey,QuEST,,,4.31,,2.00,0.00,0.73,0.91,0.26,0.09,0.21,,,by stump,,3.93,10.4,19.6,10.07,69.4,0.3,2.30
199068,SBM,22-Mar-24,12:55:00 PM,Lamprey,QuEST,,,0.79,,3.93,0.00,1.18,3.29,0.27,0.28,0.65,,,,,4.66,14.3,26.1,12.73,90.3,1.3,0.50
199069,CTB,22-Mar-24,1:45:00 PM,Lamprey,QuEST,,,1.83,,2.08,0.01,1.37,1.32,0.22,0.38,1.34,,,,,5.08,10,18.7,13.76,96.3,0.8,0.80